player_id,season,team_id,team_name,player_name,position,age,games_played,ppg,rpg,apg,per,salary_m,contract_years_remaining,contract_total_value_m
P00001,2022,T01,St. Louis Comets,Cam Brennan,PF,21,53,7.6,4.5,9.0,11.9,17.28,4,66.85
P00002,2022,T01,St. Louis Comets,Dre Marsh,SG,36,62,3.7,3.9,7.6,11.4,10.91,1,11.39
P00003,2022,T01,St. Louis Comets,Mason Brennan,PG,20,44,16.7,1.8,5.4,14.5,13.74,1,13.07
P00004,2022,T01,St. Louis Comets,Malik Townsend,C,23,72,8.5,5.7,0.3,12.5,4.44,1,4.52
P00005,2022,T01,St. Louis Comets,Marcus Marsh,SG,20,37,4.2,3.4,4.7,10.9,3.67,3,11.31
P00006,2022,T01,St. Louis Comets,Quinn Reyes,SF,25,72,8.7,3.1,0.6,15.5,9.67,2,19.57
P00007,2022,T01,St. Louis Comets,Mason Townsend,C,22,44,6.9,0.5,1.6,6.7,5.12,4,20.15
P00008,2022,T01,St. Louis Comets,Andre Wallis,SF,34,42,11.2,1.1,2.7,15.1,5.96,2,11.53
P00009,2022,T01,St. Louis Comets,Malik Holloway,C,27,46,15.4,3.1,0.3,17.1,9.65,2,18.65
P00010,2022,T01,St. Louis Comets,Deshawn Townsend,SG,22,35,8.6,1.3,1.7,15.2,7.12,3,20.85
P00011,2022,T01,St. Louis Comets,Jalen Patterson,SF,33,79,8.3,0.8,0.3,16.0,6.02,2,11.83
P00012,2022,T01,St. Louis Comets,Trey Townsend,C,22,44,7.5,9.0,6.1,17.2,6.29,2,12.71
P00013,2022,T01,St. Louis Comets,Isaiah Sutton,C,19,56,2.0,2.4,0.3,18.2,3.57,2,6.97
P00014,2022,T01,St. Louis Comets,Malik Ellington,PG,20,49,1.2,14.0,3.1,11.7,8.65,2,16.7
P00015,2022,T02,Austin Rattlers,Dre Boateng,SF,21,67,8.3,12.8,0.3,12.7,7.49,1,7.68
P00016,2022,T02,Austin Rattlers,Cam Mercer,SF,35,39,9.9,1.6,1.9,14.4,10.69,2,22.02
P00017,2022,T02,Austin Rattlers,Tyler Brennan,C,32,60,5.4,5.7,0.3,17.2,8.57,1,8.79
P00018,2022,T02,Austin Rattlers,Andre Holloway,PG,35,67,12.2,0.5,0.3,20.7,9.11,3,27.65
P00019,2022,T02,Austin Rattlers,Dominic Whitfield,SF,22,63,10.9,0.9,0.7,21.0,12.43,1,11.94
P00020,2022,T02,Austin Rattlers,Isaiah Mercer,PF,31,58,7.8,14.0,5.6,13.1,15.95,3,47.11
P00021,2022,T02,Austin Rattlers,Cam Castillo,SG,32,77,10.9,3.4,11.0,22.1,19.21,4,78.01
P00022,2022,T02,Austin Rattlers,Logan Donovan,SF,32,74,5.7,1.8,1.0,18.8,2.33,1,2.29
P00023,2022,T02,Austin Rattlers,Dominic Donovan,SF,29,72,19.1,7.9,0.7,10.5,8.94,3,25.93
P00024,2022,T02,Austin Rattlers,Jordan Townsend,C,29,56,4.2,1.5,0.3,12.7,2.25,2,4.61
P00025,2022,T02,Austin Rattlers,Mason Townsend,C,34,74,1.4,5.2,0.3,26.2,8.23,3,25.8
P00026,2022,T02,Austin Rattlers,Reggie Castillo,SF,32,68,4.1,6.2,5.1,17.9,3.37,2,6.63
P00027,2022,T02,Austin Rattlers,Cole Patterson,SF,19,62,5.6,2.3,2.2,16.0,6.43,4,24.65
P00028,2022,T02,Austin Rattlers,Reggie Whitfield,PG,34,53,3.3,6.2,1.4,12.2,3.59,4,14.83
P00029,2022,T03,Denver Peaks,Cole Sutton,PG,20,78,5.6,3.7,0.3,14.5,8.08,1,7.89
P00030,2022,T03,Denver Peaks,Cam Vance,PF,31,68,15.5,3.5,0.5,19.1,9.66,2,18.63
P00031,2022,T03,Denver Peaks,Malik Marsh,SG,30,79,3.0,4.5,2.5,5.5,2.65,4,10.88
P00032,2022,T03,Denver Peaks,Cam Marsh,SF,22,73,8.7,2.6,2.9,8.0,6.81,3,20.62
P00033,2022,T03,Denver Peaks,Cam Townsend,SF,31,77,16.4,1.4,1.7,22.1,12.81,1,12.18
P00034,2022,T03,Denver Peaks,Mason Sutton,SG,30,53,4.7,5.1,4.2,20.1,11.7,4,48.45
P00035,2022,T03,Denver Peaks,Xavier Lindgren,SF,27,79,5.8,3.2,0.3,25.4,4.37,4,18.32
P00036,2022,T03,Denver Peaks,Xavier Sharpe,SF,36,76,11.7,0.7,5.6,15.3,11.54,3,33.11
P00037,2022,T03,Denver Peaks,Andre Townsend,PF,31,52,12.6,3.7,1.7,17.6,6.57,2,12.95
P00038,2022,T03,Denver Peaks,Logan Lindgren,PG,34,78,1.4,0.5,1.3,11.8,0.9,4,3.46
P00039,2022,T03,Denver Peaks,Cole Brennan,SF,24,73,2.4,2.8,3.2,15.7,7.51,1,7.22
P00040,2022,T03,Denver Peaks,Cam Reyes,PG,27,37,10.6,4.5,11.0,16.9,6.87,1,6.63
P00041,2022,T03,Denver Peaks,Tyler Sutton,C,33,59,32.0,1.2,2.0,17.2,20.12,3,59.05
P00042,2022,T03,Denver Peaks,Andre Sutton,SF,23,82,3.6,2.9,0.6,13.0,7.83,3,24.36
P00043,2022,T04,Seattle Tide,Jordan Sutton,SF,34,74,4.4,1.8,2.4,12.5,7.16,3,22.17
P00044,2022,T04,Seattle Tide,Reggie Pruitt,C,25,65,11.2,9.5,2.4,14.0,10.1,4,39.43
P00045,2022,T04,Seattle Tide,Isaiah Patterson,SF,25,44,16.7,2.3,3.5,17.7,16.09,2,31.69
P00046,2022,T04,Seattle Tide,Xavier Garrick,C,30,70,14.7,0.5,5.5,19.5,8.78,3,26.19
P00047,2022,T04,Seattle Tide,Quinn Reyes,C,22,51,17.9,3.2,0.7,17.9,16.03,1,16.25
P00048,2022,T04,Seattle Tide,Malik Ellington,PG,23,37,9.0,7.3,0.6,16.6,10.99,4,43.85
P00049,2022,T04,Seattle Tide,Brody Vance,PG,35,63,12.4,5.3,0.5,16.3,15.5,1,14.73
P00050,2022,T04,Seattle Tide,Jalen Townsend,PF,22,43,10.7,1.3,1.7,12.5,9.49,4,37.81
P00051,2022,T04,Seattle Tide,Xavier Vance,SF,31,59,9.9,4.4,1.3,13.4,10.91,4,42.96
P00052,2022,T04,Seattle Tide,Brody Garrick,PF,19,36,7.4,1.8,4.4,17.5,8.65,2,16.73
P00053,2022,T04,Seattle Tide,Logan Marsh,SF,21,40,22.4,8.5,5.1,17.2,17.72,2,36.57
P00054,2022,T04,Seattle Tide,Tyler Donovan,PF,28,48,25.8,0.9,1.0,26.9,18.8,2,36.97
P00055,2022,T04,Seattle Tide,Desmond Patterson,PF,28,69,5.4,0.5,4.6,13.9,7.98,2,16.55
P00056,2022,T04,Seattle Tide,Desmond Okafor,SG,20,70,20.9,2.5,3.8,20.9,19.92,3,61.42
P00057,2022,T05,Phoenix Heat Wave,Dre Wallis,SG,30,48,7.4,7.4,3.5,4.0,6.86,1,6.79
P00058,2022,T05,Phoenix Heat Wave,Tyler Brennan,C,19,74,2.7,0.5,0.9,7.3,1.57,4,6.5
P00059,2022,T05,Phoenix Heat Wave,Jordan Brennan,PF,26,77,2.2,0.5,6.0,15.7,6.41,3,18.49
P00060,2022,T05,Phoenix Heat Wave,Xavier Vance,SG,27,71,15.8,5.4,1.6,18.7,12.43,3,37.37
P00061,2022,T05,Phoenix Heat Wave,Trey Sutton,PF,31,50,7.9,3.3,0.8,16.9,12.06,3,37.78
P00062,2022,T05,Phoenix Heat Wave,Reggie Garrick,SG,35,60,2.4,1.9,1.9,10.7,6.17,1,6.27
P00063,2022,T05,Phoenix Heat Wave,Desmond Reyes,SG,24,43,5.7,3.5,4.9,17.8,9.77,1,9.39
P00064,2022,T05,Phoenix Heat Wave,Jalen Mercer,PG,30,41,5.4,6.0,0.3,13.8,7.08,4,28.78
P00065,2022,T05,Phoenix Heat Wave,Reggie Reyes,PG,21,55,7.8,7.1,0.4,8.9,12.11,4,48.69
P00066,2022,T05,Phoenix Heat Wave,Quinn Garrick,PF,29,79,12.6,6.2,1.5,10.3,10.31,1,10.15
P00067,2022,T05,Phoenix Heat Wave,Marcus Vance,C,22,82,26.8,3.7,0.6,15.7,11.86,4,45.93
P00068,2022,T05,Phoenix Heat Wave,Isaiah Whitfield,PG,28,76,7.9,1.2,1.5,11.0,4.05,2,8.35
P00069,2022,T05,Phoenix Heat Wave,Desmond Donovan,SG,28,42,9.5,9.2,3.3,16.8,12.32,3,37.29
P00070,2022,T05,Phoenix Heat Wave,Andre Townsend,SF,30,68,10.3,0.6,2.0,17.2,4.53,1,4.57
P00071,2022,T06,Chicago Steel,Marcus Patterson,C,36,37,1.0,0.5,4.3,12.9,4.44,4,17.01
P00072,2022,T06,Chicago Steel,Jordan Okafor,SF,27,42,9.1,7.3,0.3,12.9,9.66,4,40.12
P00073,2022,T06,Chicago Steel,Xavier Patterson,PF,21,56,12.3,12.0,1.9,12.3,6.66,4,26.4
P00074,2022,T06,Chicago Steel,Deshawn Lindgren,PG,34,46,11.8,0.5,1.0,12.0,10.18,4,41.22
P00075,2022,T06,Chicago Steel,Xavier Marsh,PG,34,46,12.4,6.3,0.7,9.7,8.17,4,31.94
P00076,2022,T06,Chicago Steel,Dre Garrick,SF,29,49,10.9,2.0,2.7,13.2,13.28,2,27.15
P00077,2022,T06,Chicago Steel,Tyler Wallis,PF,32,43,5.3,1.7,2.0,17.8,3.87,4,15.88
P00078,2022,T06,Chicago Steel,Dominic Patterson,SF,27,40,9.4,1.6,1.4,15.2,11.52,4,46.51
P00079,2022,T06,Chicago Steel,Quinn Sharpe,SG,24,66,11.1,0.6,0.8,14.7,4.11,1,4.23
P00080,2022,T06,Chicago Steel,Quinn Ellington,PF,19,38,5.4,1.4,0.7,18.8,8.52,1,8.85
P00081,2022,T06,Chicago Steel,Tyler Whitfield,SF,32,41,13.9,5.5,1.1,14.9,12.74,1,12.51
P00082,2022,T06,Chicago Steel,Xavier Boateng,C,36,71,2.7,1.0,1.7,10.2,3.4,4,13.82
P00083,2022,T06,Chicago Steel,Tyler Donovan,C,24,76,9.3,3.5,4.6,10.5,6.72,3,20.16
P00084,2022,T06,Chicago Steel,Brody Marsh,PG,33,51,14.2,0.7,1.9,14.1,6.64,3,20.23
P00085,2022,T07,Atlanta Flux,Mason Patterson,PG,23,54,3.7,8.0,3.2,19.6,7.21,4,27.59
P00086,2022,T07,Atlanta Flux,Reggie Sutton,PF,35,65,4.1,1.2,0.6,18.8,5.05,4,19.79
P00087,2022,T07,Atlanta Flux,Brody Reyes,C,34,66,2.8,4.0,0.6,15.8,3.6,4,14.02
P00088,2022,T07,Atlanta Flux,Trey Ellington,PG,21,66,5.6,2.1,2.9,16.5,8.65,4,33.49
P00089,2022,T07,Atlanta Flux,Cam Boateng,SG,20,63,4.5,3.7,1.1,11.2,7.85,2,15.81
P00090,2022,T07,Atlanta Flux,Jalen Lindgren,PG,23,81,19.3,8.2,2.2,11.6,15.63,2,30.33
P00091,2022,T07,Atlanta Flux,Reggie Vance,SF,20,75,12.2,3.8,2.4,18.1,14.68,3,43.17
P00092,2022,T07,Atlanta Flux,Mason Brennan,SG,22,81,22.7,2.0,0.3,8.0,4.07,1,4.02
P00093,2022,T07,Atlanta Flux,Logan Whitfield,PF,32,37,17.5,9.4,8.3,19.1,14.79,4,58.1
P00094,2022,T07,Atlanta Flux,Quinn Ellington,C,30,64,8.0,8.1,0.6,18.1,7.49,1,7.81
P00095,2022,T07,Atlanta Flux,Isaiah Holloway,PG,24,38,12.3,4.7,0.5,16.2,10.38,3,29.65
P00096,2022,T07,Atlanta Flux,Logan Boateng,PG,31,53,5.1,0.5,2.8,12.9,5.64,1,5.8
P00097,2022,T07,Atlanta Flux,Dre Sutton,PG,32,78,23.2,5.5,4.9,14.6,12.33,3,36.15
P00098,2022,T07,Atlanta Flux,Quinn Castillo,SG,31,40,7.4,1.3,3.8,15.3,11.32,2,23.39
P00099,2022,T08,Boston Anchors,Quinn Brennan,SG,36,39,2.7,4.7,1.9,16.4,3.67,2,7.03
P00100,2022,T08,Boston Anchors,Jordan Townsend,C,20,62,4.8,3.4,1.2,10.7,0.9,2,1.83
P00101,2022,T08,Boston Anchors,Marcus Castillo,SG,34,82,21.5,2.3,1.3,11.7,10.44,1,10.09
P00102,2022,T08,Boston Anchors,Dre Vance,PF,33,74,7.3,2.2,0.3,18.5,7.4,4,30.49
P00103,2022,T08,Boston Anchors,Jalen Sharpe,PG,36,77,8.2,0.5,7.6,19.3,9.37,2,18.64
P00104,2022,T08,Boston Anchors,Malik Lindgren,SG,25,50,13.6,2.3,2.7,12.8,11.43,4,47.17
P00105,2022,T08,Boston Anchors,Cole Okafor,SF,27,46,3.5,7.2,2.5,12.5,10.14,3,30.49
P00106,2022,T08,Boston Anchors,Dominic Reyes,SG,23,69,3.8,3.7,2.3,13.8,3.72,4,14.59
P00107,2022,T08,Boston Anchors,Marcus Patterson,PF,34,55,4.5,10.0,2.7,10.1,9.62,2,20.17
P00108,2022,T08,Boston Anchors,Tyler Holloway,PF,34,68,11.7,1.8,2.1,17.3,6.89,3,20.35
P00109,2022,T08,Boston Anchors,Andre Sutton,C,21,80,9.7,3.6,3.7,16.4,4.02,2,8.33
P00110,2022,T08,Boston Anchors,Brody Patterson,SF,32,54,1.9,2.0,1.6,17.2,8.46,1,8.86
P00111,2022,T08,Boston Anchors,Desmond Ellington,PF,32,72,1.3,4.6,3.4,11.5,1.19,4,4.63
P00112,2022,T08,Boston Anchors,Deshawn Townsend,PF,21,45,7.9,7.3,0.6,16.0,13.22,4,55.28
P00113,2022,T09,Portland Pines,Brody Boateng,PF,30,80,10.8,6.0,2.2,19.9,15.91,4,64.76
P00114,2022,T09,Portland Pines,Dre Lindgren,C,21,56,3.4,1.1,0.9,8.8,2.57,3,7.42
P00115,2022,T09,Portland Pines,Reggie Holloway,PG,31,69,5.1,0.5,3.5,13.8,6.1,1,5.93
P00116,2022,T09,Portland Pines,Reggie Pruitt,PG,27,58,8.8,1.3,4.4,15.1,8.36,4,34.2
P00117,2022,T09,Portland Pines,Brody Marsh,C,31,46,1.7,6.8,0.5,18.2,5.27,4,21.46
P00118,2022,T09,Portland Pines,Marcus Okafor,PG,22,52,8.7,1.2,0.3,11.4,8.46,3,25.61
P00119,2022,T09,Portland Pines,Reggie Vance,SG,27,73,18.2,1.6,2.5,10.4,7.0,2,14.05
P00120,2022,T09,Portland Pines,Cam Holloway,C,33,60,6.5,0.5,4.3,13.7,7.04,2,14.0
P00121,2022,T09,Portland Pines,Marcus Patterson,SF,30,49,8.3,2.7,1.2,16.8,3.12,1,3.07
P00122,2022,T09,Portland Pines,Dominic Ellington,C,28,52,1.9,7.6,4.5,10.3,9.68,1,10.14
P00123,2022,T09,Portland Pines,Tyler Pruitt,C,22,60,5.1,2.7,1.2,14.0,8.27,1,8.55
P00124,2022,T09,Portland Pines,Cole Castillo,PF,23,69,9.0,6.1,0.3,9.1,7.83,2,15.14
P00125,2022,T09,Portland Pines,Mason Patterson,SG,20,66,2.5,3.0,0.3,15.7,6.33,3,18.31
P00126,2022,T09,Portland Pines,Tyler Boateng,SG,29,70,9.3,6.1,1.1,9.9,4.61,4,18.62
P00127,2022,T10,Miami Current,Marcus Pruitt,C,33,46,9.0,3.9,6.5,12.9,12.92,3,38.62
P00128,2022,T10,Miami Current,Deshawn Lindgren,PF,24,70,3.4,1.5,0.3,27.6,9.33,3,28.27
P00129,2022,T10,Miami Current,Andre Okafor,C,21,82,9.3,0.5,4.1,18.5,13.52,2,27.65
P00130,2022,T10,Miami Current,Reggie Castillo,C,34,46,4.4,5.9,4.0,17.1,6.71,1,6.42
P00131,2022,T10,Miami Current,Isaiah Marsh,C,27,35,10.9,1.3,2.1,8.4,1.56,3,4.72
P00132,2022,T10,Miami Current,Quinn Boateng,C,20,79,7.7,4.9,5.8,15.0,6.0,3,17.48
P00133,2022,T10,Miami Current,Marcus Whitfield,SF,26,57,4.1,5.8,1.4,17.5,7.4,1,7.19
P00134,2022,T10,Miami Current,Mason Townsend,SG,28,70,4.3,3.5,3.7,17.2,5.45,3,16.73
P00135,2022,T10,Miami Current,Trey Vance,SG,36,68,7.9,1.5,0.3,17.8,9.62,1,9.2
P00136,2022,T10,Miami Current,Xavier Marsh,PG,24,39,8.6,0.9,0.4,18.0,9.58,3,27.31
P00137,2022,T10,Miami Current,Cam Boateng,C,19,58,2.9,6.8,1.1,15.6,3.17,3,9.14
P00138,2022,T10,Miami Current,Quinn Patterson,PF,27,41,7.6,7.7,1.2,13.5,14.91,1,15.35
P00139,2022,T10,Miami Current,Isaiah Boateng,SG,27,58,8.3,2.1,4.2,17.1,9.73,1,9.61
P00140,2022,T10,Miami Current,Marcus Townsend,PF,32,44,4.4,1.2,4.8,17.5,5.54,2,11.28
P00141,2022,T11,Minneapolis Frost,Dominic Wallis,PG,26,62,6.2,3.5,4.1,12.0,8.48,3,26.4
P00142,2022,T11,Minneapolis Frost,Mason Donovan,SF,26,67,2.1,1.1,0.8,16.2,5.34,1,5.47
P00143,2022,T11,Minneapolis Frost,Trey Okafor,SG,26,43,8.6,0.5,5.9,16.3,12.15,1,12.49
P00144,2022,T11,Minneapolis Frost,Isaiah Ellington,SF,31,42,9.1,9.6,0.5,14.1,10.05,3,28.83
P00145,2022,T11,Minneapolis Frost,Quinn Garrick,SG,35,39,1.6,2.9,4.3,11.9,7.41,2,15.27
P00146,2022,T11,Minneapolis Frost,Xavier Vance,SG,32,47,10.2,6.9,2.1,11.6,13.27,2,27.47
P00147,2022,T11,Minneapolis Frost,Trey Sutton,PG,34,38,1.5,4.4,2.1,12.4,4.74,3,14.07
P00148,2022,T11,Minneapolis Frost,Reggie Marsh,PF,33,64,7.6,1.0,2.7,13.7,4.44,1,4.39
P00149,2022,T11,Minneapolis Frost,Reggie Pruitt,C,28,74,10.6,5.3,1.7,13.1,4.88,3,15.3
P00150,2022,T11,Minneapolis Frost,Jordan Whitfield,PG,21,54,1.6,0.5,1.1,20.0,1.02,1,0.99
P00151,2022,T11,Minneapolis Frost,Isaiah Sharpe,PF,28,45,3.7,5.4,0.4,17.8,3.93,4,16.13
P00152,2022,T11,Minneapolis Frost,Mason Boateng,PF,25,81,22.2,2.1,4.5,15.5,13.01,4,50.4
P00153,2022,T11,Minneapolis Frost,Mason Wallis,PF,32,61,8.7,7.7,0.4,7.9,7.59,1,7.5
P00154,2022,T11,Minneapolis Frost,Desmond Sutton,C,28,74,4.0,0.9,4.9,18.3,4.73,1,4.61
P00155,2022,T12,Nashville Sound,Mason Vance,PG,34,81,2.5,8.9,0.3,22.2,6.8,3,20.44
P00156,2022,T12,Nashville Sound,Logan Pruitt,SG,35,38,8.4,4.5,3.3,18.8,10.55,3,32.32
P00157,2022,T12,Nashville Sound,Malik Holloway,SG,25,51,6.5,5.0,0.4,17.9,9.63,4,38.51
P00158,2022,T12,Nashville Sound,Tyler Mercer,PF,22,52,9.1,2.1,2.0,11.4,12.93,1,12.93
P00159,2022,T12,Nashville Sound,Deshawn Sutton,C,34,69,10.2,2.2,0.3,19.1,8.22,3,24.85
P00160,2022,T12,Nashville Sound,Deshawn Ellington,SF,36,50,5.1,0.7,1.1,19.0,6.57,4,27.03
P00161,2022,T12,Nashville Sound,Xavier Wallis,PG,23,36,4.9,0.7,0.9,16.4,7.84,1,8.22
P00162,2022,T12,Nashville Sound,Reggie Townsend,SG,24,39,6.6,0.6,2.2,11.8,6.51,2,12.99
P00163,2022,T12,Nashville Sound,Deshawn Reyes,PF,28,72,8.0,4.1,1.6,15.7,11.66,2,23.65
P00164,2022,T12,Nashville Sound,Tyler Sutton,SF,28,43,17.3,0.5,3.9,14.1,12.58,2,24.84
P00165,2022,T12,Nashville Sound,Isaiah Holloway,PG,31,38,7.9,5.3,3.5,20.8,7.86,3,23.42
P00166,2022,T12,Nashville Sound,Tyler Sharpe,SF,33,49,27.6,4.8,8.1,17.2,16.7,3,51.29
P00167,2022,T12,Nashville Sound,Andre Holloway,PG,32,39,10.9,2.3,3.3,21.4,12.74,3,39.5
P00168,2022,T12,Nashville Sound,Malik Ellington,PF,31,80,9.6,6.4,0.7,12.6,12.85,1,13.36
P00169,2023,T01,St. Louis Comets,Desmond Garrick,SF,20,77,15.4,4.3,2.5,13.1,11.82,1,11.58
P00170,2023,T01,St. Louis Comets,Jalen Pruitt,PF,33,35,18.3,10.6,0.5,17.2,15.81,1,16.33
P00171,2023,T01,St. Louis Comets,Mason Patterson,PF,23,35,2.8,1.2,0.3,9.7,5.36,4,22.06
P00172,2023,T01,St. Louis Comets,Quinn Castillo,PG,28,73,6.1,5.0,1.3,16.2,4.9,3,15.2
P00173,2023,T01,St. Louis Comets,Deshawn Patterson,PG,27,63,1.0,0.9,1.1,20.8,4.74,2,9.08
P00174,2023,T01,St. Louis Comets,Logan Pruitt,SG,32,44,16.1,11.2,0.6,13.0,12.63,4,51.11
P00175,2023,T01,St. Louis Comets,Desmond Mercer,PG,19,53,3.8,9.1,1.0,23.9,8.68,3,25.03
P00176,2023,T01,St. Louis Comets,Logan Whitfield,SG,35,41,9.3,1.9,4.3,16.3,7.91,2,15.43
P00177,2023,T01,St. Louis Comets,Desmond Holloway,C,34,75,9.8,7.0,0.9,11.8,7.72,4,29.37
P00178,2023,T01,St. Louis Comets,Deshawn Reyes,PF,33,74,4.5,3.5,0.3,17.5,4.42,2,8.74
P00179,2023,T01,St. Louis Comets,Dominic Pruitt,SG,29,66,6.5,5.1,0.4,17.4,9.27,1,9.34
P00180,2023,T01,St. Louis Comets,Desmond Brennan,C,25,66,2.6,3.1,0.8,17.1,7.97,3,24.17
P00181,2023,T01,St. Louis Comets,Dre Castillo,C,28,46,8.8,1.0,4.0,12.0,5.83,4,23.86
P00182,2023,T01,St. Louis Comets,Cam Mercer,PG,20,46,1.0,9.9,10.5,15.6,9.47,1,9.66
P00183,2023,T02,Austin Rattlers,Isaiah Okafor,SG,25,49,6.6,8.1,3.4,18.3,4.32,1,4.48
P00184,2023,T02,Austin Rattlers,Tyler Mercer,C,32,82,6.1,5.1,1.3,13.1,8.65,4,36.2
P00185,2023,T02,Austin Rattlers,Dominic Lindgren,SF,28,37,6.9,1.8,4.9,12.6,4.09,2,7.78
P00186,2023,T02,Austin Rattlers,Xavier Townsend,PF,33,77,12.3,2.6,3.2,15.8,10.5,2,21.43
P00187,2023,T02,Austin Rattlers,Cam Sharpe,SF,29,80,18.8,0.5,1.3,4.0,8.68,4,34.57
P00188,2023,T02,Austin Rattlers,Xavier Garrick,SF,30,39,12.5,3.4,1.8,18.0,10.74,4,43.84
P00189,2023,T02,Austin Rattlers,Xavier Mercer,PG,32,48,8.5,2.0,0.3,6.8,7.98,1,7.7
P00190,2023,T02,Austin Rattlers,Cole Townsend,SG,22,60,8.3,3.5,0.6,15.7,8.11,3,25.26
P00191,2023,T02,Austin Rattlers,Cam Whitfield,C,33,82,17.0,1.8,0.9,12.5,12.08,1,11.55
P00192,2023,T02,Austin Rattlers,Dominic Whitfield,C,30,51,8.5,1.5,1.4,8.1,3.7,4,14.72
P00193,2023,T02,Austin Rattlers,Dominic Patterson,C,26,42,1.3,1.8,0.5,12.0,5.68,4,23.82
P00194,2023,T02,Austin Rattlers,Dre Garrick,SG,29,62,2.6,2.7,0.4,15.5,4.62,3,13.59
P00195,2023,T02,Austin Rattlers,Reggie Reyes,PG,31,59,24.0,5.7,2.5,7.3,17.97,3,54.05
P00196,2023,T02,Austin Rattlers,Isaiah Wallis,PG,30,78,13.6,1.2,2.4,12.1,12.53,4,48.62
P00197,2023,T03,Denver Peaks,Logan Townsend,C,24,53,8.1,10.5,0.6,18.8,13.32,3,38.7
P00198,2023,T03,Denver Peaks,Marcus Wallis,C,24,42,6.3,7.7,0.9,13.8,10.57,1,10.89
P00199,2023,T03,Denver Peaks,Dominic Donovan,C,25,56,12.1,8.4,0.3,12.6,8.95,4,37.3
P00200,2023,T03,Denver Peaks,Isaiah Vance,SF,33,47,3.3,9.7,1.4,22.8,9.71,4,38.35
P00201,2023,T03,Denver Peaks,Quinn Garrick,C,29,55,2.4,5.1,1.1,16.3,3.49,4,13.31
P00202,2023,T03,Denver Peaks,Jordan Boateng,PG,26,42,12.3,6.0,6.2,22.6,12.18,2,24.8
P00203,2023,T03,Denver Peaks,Brody Sutton,SG,24,71,5.3,9.5,0.3,12.4,6.47,3,19.62
P00204,2023,T03,Denver Peaks,Mason Sutton,PF,20,72,5.4,3.9,2.9,19.0,10.92,2,22.48
P00205,2023,T03,Denver Peaks,Tyler Vance,SF,19,76,14.9,1.8,3.1,14.2,7.88,4,31.03
P00206,2023,T03,Denver Peaks,Isaiah Reyes,SF,28,43,2.6,4.4,6.1,11.2,9.71,3,28.72
P00207,2023,T03,Denver Peaks,Trey Okafor,PG,20,64,8.4,4.9,1.6,9.8,9.81,4,37.74
P00208,2023,T03,Denver Peaks,Cole Sutton,PG,29,82,18.6,3.0,1.3,22.6,12.82,2,25.2
P00209,2023,T03,Denver Peaks,Logan Marsh,SF,23,79,6.4,1.5,2.4,14.1,9.64,4,37.03
P00210,2023,T03,Denver Peaks,Isaiah Marsh,C,27,73,9.5,0.5,0.6,13.3,9.19,3,27.79
P00211,2023,T04,Seattle Tide,Reggie Castillo,C,33,51,5.0,4.2,2.3,13.8,6.28,4,25.89
P00212,2023,T04,Seattle Tide,Isaiah Townsend,C,21,40,9.2,2.5,0.7,10.6,5.89,2,12.33
P00213,2023,T04,Seattle Tide,Logan Vance,C,25,78,9.2,1.1,1.4,12.5,7.29,1,7.25
P00214,2023,T04,Seattle Tide,Jalen Pruitt,SG,19,69,10.3,10.6,0.6,10.2,6.15,4,25.59
P00215,2023,T04,Seattle Tide,Dre Boateng,SG,31,36,1.7,3.9,2.2,17.8,6.08,1,6.26
P00216,2023,T04,Seattle Tide,Jalen Reyes,SF,31,57,21.5,7.5,2.0,14.3,18.59,4,74.7
P00217,2023,T04,Seattle Tide,Desmond Brennan,SG,24,82,8.4,6.5,0.5,19.8,7.84,3,24.57
P00218,2023,T04,Seattle Tide,Dominic Wallis,SF,31,76,9.4,10.0,4.4,9.8,9.79,4,40.78
P00219,2023,T04,Seattle Tide,Marcus Boateng,PG,28,48,14.4,7.1,0.9,14.1,13.35,1,12.99
P00220,2023,T04,Seattle Tide,Marcus Lindgren,PG,28,52,9.2,3.1,1.0,14.3,9.5,3,27.79
P00221,2023,T04,Seattle Tide,Reggie Lindgren,PF,31,38,7.7,4.3,2.7,13.9,8.14,2,15.73
P00222,2023,T04,Seattle Tide,Logan Okafor,C,26,39,4.5,0.5,3.7,18.4,9.04,1,8.89
P00223,2023,T04,Seattle Tide,Dre Mercer,PF,31,76,4.2,1.0,0.6,20.1,5.23,2,10.34
P00224,2023,T04,Seattle Tide,Marcus Boateng,SF,22,56,5.5,1.3,1.2,16.1,5.27,4,21.75
P00225,2023,T05,Phoenix Heat Wave,Xavier Brennan,PF,29,71,9.0,7.7,0.8,8.3,4.26,4,17.15
P00226,2023,T05,Phoenix Heat Wave,Deshawn Wallis,C,29,58,8.9,7.9,0.5,12.3,8.65,4,33.41
P00227,2023,T05,Phoenix Heat Wave,Logan Reyes,PG,34,36,10.4,0.5,1.0,10.8,8.98,1,9.11
P00228,2023,T05,Phoenix Heat Wave,Andre Brennan,C,36,77,9.8,0.7,1.9,13.8,12.56,3,37.86
P00229,2023,T05,Phoenix Heat Wave,Marcus Vance,SG,33,46,7.0,5.3,0.3,16.5,6.3,2,12.87
P00230,2023,T05,Phoenix Heat Wave,Dre Vance,C,22,59,13.8,1.8,3.7,11.8,11.2,3,31.98
P00231,2023,T05,Phoenix Heat Wave,Malik Lindgren,PG,31,57,5.5,1.1,1.2,15.9,5.59,4,22.7
P00232,2023,T05,Phoenix Heat Wave,Quinn Mercer,SF,19,65,11.4,0.5,5.3,15.9,10.14,4,38.91
P00233,2023,T05,Phoenix Heat Wave,Cam Whitfield,SF,34,69,1.0,2.0,4.7,14.9,9.15,1,9.22
P00234,2023,T05,Phoenix Heat Wave,Trey Sharpe,C,27,73,3.9,10.7,1.7,23.3,10.38,3,30.28
P00235,2023,T05,Phoenix Heat Wave,Brody Castillo,SG,34,60,2.9,1.0,0.7,14.8,4.02,3,12.29
P00236,2023,T05,Phoenix Heat Wave,Quinn Sharpe,PG,28,62,12.8,4.0,5.2,12.9,12.53,2,25.75
P00237,2023,T05,Phoenix Heat Wave,Trey Pruitt,SF,23,80,9.5,3.4,3.1,15.7,9.34,1,8.99
P00238,2023,T05,Phoenix Heat Wave,Cam Mercer,PG,19,70,1.0,2.9,0.7,16.2,2.88,3,8.78
P00239,2023,T06,Chicago Steel,Dominic Sutton,PG,28,41,10.1,3.3,5.8,22.2,9.54,2,18.19
P00240,2023,T06,Chicago Steel,Dre Pruitt,SG,22,35,3.2,1.3,1.3,16.1,2.33,4,9.68
P00241,2023,T06,Chicago Steel,Xavier Wallis,SF,33,65,3.9,3.4,4.9,16.3,9.6,2,18.82
P00242,2023,T06,Chicago Steel,Jalen Holloway,SG,31,40,10.3,2.7,1.0,15.7,9.2,1,9.47
P00243,2023,T06,Chicago Steel,Jalen Donovan,C,30,63,4.2,2.0,0.9,14.4,4.5,1,4.65
P00244,2023,T06,Chicago Steel,Cam Okafor,SF,36,38,4.8,3.7,5.5,16.9,10.47,4,43.43
P00245,2023,T06,Chicago Steel,Jalen Ellington,PG,27,79,10.3,4.2,2.0,19.9,9.22,3,26.41
P00246,2023,T06,Chicago Steel,Andre Sutton,C,21,42,13.3,2.6,0.3,19.2,19.21,1,19.32
P00247,2023,T06,Chicago Steel,Isaiah Whitfield,SG,27,56,27.6,4.8,1.0,18.3,9.07,1,8.67
P00248,2023,T06,Chicago Steel,Malik Mercer,C,29,59,8.2,6.4,0.3,19.6,11.26,3,33.5
P00249,2023,T06,Chicago Steel,Dominic Holloway,PF,32,68,11.0,3.1,0.3,17.0,8.46,1,8.27
P00250,2023,T06,Chicago Steel,Cam Ellington,SF,25,60,4.3,1.8,3.0,12.6,8.99,4,36.79
P00251,2023,T06,Chicago Steel,Jordan Ellington,PF,35,71,3.8,4.2,2.8,5.0,1.49,2,2.83
P00252,2023,T06,Chicago Steel,Brody Donovan,PG,24,57,21.5,6.2,4.4,10.0,14.09,3,42.49
P00253,2023,T07,Atlanta Flux,Isaiah Lindgren,SG,33,74,6.5,0.5,4.8,11.7,3.06,1,2.95
P00254,2023,T07,Atlanta Flux,Cole Townsend,PF,27,36,7.7,2.9,1.4,15.3,9.2,3,27.82
P00255,2023,T07,Atlanta Flux,Jordan Ellington,SG,35,58,14.6,3.1,2.2,19.3,11.59,4,45.42
P00256,2023,T07,Atlanta Flux,Desmond Holloway,SG,19,68,18.0,1.8,5.1,12.2,15.24,3,43.85
P00257,2023,T07,Atlanta Flux,Reggie Castillo,PG,36,58,17.3,2.0,4.4,17.4,12.64,2,26.25
P00258,2023,T07,Atlanta Flux,Isaiah Okafor,SG,31,44,1.8,4.0,0.6,13.4,1.5,4,6.16
P00259,2023,T07,Atlanta Flux,Dominic Whitfield,SG,25,74,1.6,0.5,1.1,11.4,2.48,4,9.64
P00260,2023,T07,Atlanta Flux,Malik Patterson,SG,21,52,10.7,6.7,0.3,18.3,12.34,1,12.18
P00261,2023,T07,Atlanta Flux,Trey Patterson,PG,24,70,1.7,0.8,1.3,13.2,4.19,1,4.34
P00262,2023,T07,Atlanta Flux,Reggie Reyes,PF,24,58,12.5,1.9,3.8,12.0,6.37,4,26.25
P00263,2023,T07,Atlanta Flux,Malik Vance,SF,34,55,2.8,5.5,4.0,12.2,7.41,2,14.45
P00264,2023,T07,Atlanta Flux,Tyler Boateng,SF,19,61,8.6,4.6,4.1,8.0,9.08,4,37.51
P00265,2023,T07,Atlanta Flux,Tyler Sharpe,SF,32,82,3.1,8.6,1.4,11.3,4.38,4,17.05
P00266,2023,T07,Atlanta Flux,Andre Patterson,C,27,68,8.6,0.9,1.3,14.8,6.8,1,6.58
P00267,2023,T08,Boston Anchors,Xavier Whitfield,C,24,48,8.8,1.6,5.6,13.5,8.78,1,8.58
P00268,2023,T08,Boston Anchors,Marcus Okafor,C,25,68,23.9,5.9,1.0,19.5,11.33,2,22.03
P00269,2023,T08,Boston Anchors,Desmond Pruitt,PF,20,63,9.5,3.4,0.3,15.7,7.56,4,31.49
P00270,2023,T08,Boston Anchors,Deshawn Reyes,SG,28,58,9.6,7.8,1.1,15.4,16.16,3,49.31
P00271,2023,T08,Boston Anchors,Marcus Okafor,SF,25,52,9.0,0.5,2.3,12.7,1.64,3,4.68
P00272,2023,T08,Boston Anchors,Dominic Sutton,PG,35,58,4.9,2.2,0.3,11.4,2.74,2,5.47
P00273,2023,T08,Boston Anchors,Desmond Castillo,SG,19,65,3.1,6.1,2.7,11.2,1.55,2,3.01
P00274,2023,T08,Boston Anchors,Dominic Sutton,C,19,35,11.4,1.9,1.8,13.7,10.92,3,32.76
P00275,2023,T08,Boston Anchors,Marcus Vance,C,22,48,8.8,4.4,0.6,20.8,10.8,4,43.91
P00276,2023,T08,Boston Anchors,Andre Sutton,SF,36,40,4.9,2.7,1.5,16.6,6.11,1,6.11
P00277,2023,T08,Boston Anchors,Jordan Wallis,C,21,49,6.7,1.3,8.7,17.2,14.46,1,14.22
P00278,2023,T08,Boston Anchors,Quinn Sharpe,SG,25,60,17.2,4.1,0.9,12.2,15.17,3,46.68
P00279,2023,T08,Boston Anchors,Logan Vance,SF,36,36,13.4,0.5,2.8,15.5,10.68,1,10.8
P00280,2023,T08,Boston Anchors,Cam Sutton,PG,31,58,5.2,1.3,1.7,14.1,5.67,3,16.63
P00281,2023,T09,Portland Pines,Reggie Boateng,PG,36,76,21.8,2.3,3.0,16.5,15.92,4,64.2
P00282,2023,T09,Portland Pines,Trey Donovan,C,33,61,1.7,2.4,0.6,6.2,3.35,1,3.28
P00283,2023,T09,Portland Pines,Trey Townsend,SF,29,60,16.8,1.7,3.5,17.5,10.77,4,42.58
P00284,2023,T09,Portland Pines,Brody Whitfield,PF,24,50,4.7,0.8,3.2,13.1,5.32,3,16.7
P00285,2023,T09,Portland Pines,Cam Reyes,PF,35,46,7.7,4.7,2.0,23.4,6.46,1,6.56
P00286,2023,T09,Portland Pines,Deshawn Reyes,PF,32,37,6.9,5.6,2.6,15.1,9.73,4,37.45
P00287,2023,T09,Portland Pines,Trey Sharpe,SF,26,41,27.7,8.5,1.4,12.3,14.72,1,14.77
P00288,2023,T09,Portland Pines,Andre Patterson,C,24,51,12.6,5.2,2.8,11.5,10.24,2,21.37
P00289,2023,T09,Portland Pines,Trey Vance,SG,27,44,4.5,4.0,8.3,20.2,9.75,1,9.38
P00290,2023,T09,Portland Pines,Trey Townsend,SG,20,40,8.0,7.1,6.0,6.8,9.55,2,19.69
P00291,2023,T09,Portland Pines,Deshawn Marsh,PF,28,46,16.5,3.0,1.3,18.4,13.85,2,27.24
P00292,2023,T09,Portland Pines,Malik Townsend,SF,36,72,8.4,14.0,2.5,12.0,7.2,4,29.8
P00293,2023,T09,Portland Pines,Reggie Castillo,PG,28,66,7.3,4.1,0.3,10.1,5.97,4,23.74
P00294,2023,T09,Portland Pines,Xavier Garrick,C,30,44,3.6,5.3,11.0,16.8,10.35,2,21.24
P00295,2023,T10,Miami Current,Deshawn Holloway,PF,20,42,8.6,0.7,0.5,12.2,5.11,4,21.4
P00296,2023,T10,Miami Current,Isaiah Brennan,PF,20,71,8.9,1.9,4.0,13.2,9.22,3,28.78
P00297,2023,T10,Miami Current,Isaiah Donovan,C,32,49,12.9,7.1,1.5,21.5,12.85,4,50.13
P00298,2023,T10,Miami Current,Logan Whitfield,C,34,64,6.2,10.2,0.3,20.2,11.78,4,47.13
P00299,2023,T10,Miami Current,Cole Sharpe,PF,21,39,4.4,11.9,0.4,11.5,2.83,2,5.56
P00300,2023,T10,Miami Current,Dre Garrick,PF,30,68,5.9,8.3,4.7,11.9,12.73,2,26.53
P00301,2023,T10,Miami Current,Dominic Brennan,SG,28,35,5.5,0.8,0.3,21.7,8.46,1,8.27
P00302,2023,T10,Miami Current,Dre Whitfield,SG,35,58,9.3,2.0,2.0,7.2,7.39,1,7.66
P00303,2023,T10,Miami Current,Dre Wallis,PF,22,37,1.0,1.3,1.7,14.0,5.84,1,5.58
P00304,2023,T10,Miami Current,Deshawn Brennan,C,33,51,16.3,2.7,1.1,12.1,8.68,4,34.3
P00305,2023,T10,Miami Current,Marcus Brennan,SG,28,75,5.0,2.7,4.1,11.1,6.89,1,6.6
P00306,2023,T10,Miami Current,Logan Brennan,SG,26,72,1.1,2.0,5.0,22.9,10.2,1,10.6
P00307,2023,T10,Miami Current,Deshawn Vance,PF,24,59,9.0,0.9,1.9,12.5,6.2,3,17.81
P00308,2023,T10,Miami Current,Trey Boateng,SG,34,57,3.7,0.7,2.1,16.7,6.31,2,12.87
P00309,2023,T11,Minneapolis Frost,Logan Brennan,SG,25,51,5.3,1.7,1.3,11.6,7.58,3,21.98
P00310,2023,T11,Minneapolis Frost,Logan Holloway,PF,27,49,7.1,2.5,5.1,11.0,7.89,4,32.02
P00311,2023,T11,Minneapolis Frost,Xavier Wallis,SF,36,73,5.4,2.2,0.3,11.1,3.6,1,3.74
P00312,2023,T11,Minneapolis Frost,Quinn Marsh,SF,21,52,3.9,0.7,0.3,12.6,6.88,2,13.22
P00313,2023,T11,Minneapolis Frost,Andre Holloway,PG,30,76,3.4,1.6,0.5,23.4,6.06,4,24.02
P00314,2023,T11,Minneapolis Frost,Desmond Ellington,PF,25,68,8.4,1.5,1.5,19.8,4.87,3,14.26
P00315,2023,T11,Minneapolis Frost,Marcus Okafor,SG,25,58,2.7,1.9,0.3,9.8,1.8,3,5.35
P00316,2023,T11,Minneapolis Frost,Dre Brennan,SF,30,59,10.8,4.1,0.4,19.5,10.91,4,42.23
P00317,2023,T11,Minneapolis Frost,Andre Pruitt,SF,21,46,6.9,5.2,0.4,16.9,6.85,1,6.5
P00318,2023,T11,Minneapolis Frost,Cole Pruitt,C,28,76,5.2,10.6,2.6,14.2,9.68,4,37.3
P00319,2023,T11,Minneapolis Frost,Logan Boateng,SF,24,57,4.4,5.0,3.0,19.1,9.42,4,36.79
P00320,2023,T11,Minneapolis Frost,Xavier Mercer,C,25,52,4.2,3.6,0.4,15.5,2.5,3,7.81
P00321,2023,T11,Minneapolis Frost,Jalen Boateng,PF,31,61,26.7,6.2,1.5,16.9,11.13,4,43.51
P00322,2023,T11,Minneapolis Frost,Mason Whitfield,PF,21,63,15.7,6.3,2.8,19.3,9.06,3,26.41
P00323,2023,T12,Nashville Sound,Marcus Garrick,PF,28,39,13.6,9.0,1.4,17.7,10.23,4,40.34
P00324,2023,T12,Nashville Sound,Reggie Brennan,SG,31,60,3.1,6.2,1.2,15.4,8.03,3,24.09
P00325,2023,T12,Nashville Sound,Marcus Sutton,SG,24,80,14.6,1.3,0.3,17.9,3.67,4,14.01
P00326,2023,T12,Nashville Sound,Quinn Garrick,PG,34,43,8.7,2.1,1.0,13.1,7.7,2,16.17
P00327,2023,T12,Nashville Sound,Desmond Boateng,SG,35,77,4.6,6.4,4.6,18.9,5.55,1,5.75
P00328,2023,T12,Nashville Sound,Jordan Castillo,SG,21,40,24.4,7.7,3.1,16.8,18.52,4,77.43
P00329,2023,T12,Nashville Sound,Desmond Mercer,SF,32,45,7.0,1.8,2.0,12.3,6.44,3,18.79
P00330,2023,T12,Nashville Sound,Deshawn Mercer,PG,20,45,7.4,7.9,1.3,9.7,8.93,1,9.33
P00331,2023,T12,Nashville Sound,Isaiah Holloway,PF,21,82,4.8,6.7,0.5,15.1,8.19,4,31.67
P00332,2023,T12,Nashville Sound,Dre Sharpe,C,36,50,10.8,12.1,2.6,18.9,12.85,1,12.75
P00333,2023,T12,Nashville Sound,Logan Brennan,SG,34,80,25.4,2.1,1.2,17.3,18.13,1,18.01
P00334,2023,T12,Nashville Sound,Trey Patterson,C,35,76,18.0,5.0,0.3,13.2,7.77,2,14.81
P00335,2023,T12,Nashville Sound,Dre Garrick,SG,35,78,13.3,3.4,7.0,11.7,8.9,1,9.33
P00336,2023,T12,Nashville Sound,Desmond Castillo,PG,21,64,17.8,1.5,3.1,9.2,6.99,3,20.26
P00337,2024,T01,St. Louis Comets,Trey Patterson,PG,20,75,17.5,6.0,1.5,7.3,11.57,3,34.23
P00338,2024,T01,St. Louis Comets,Tyler Boateng,SF,24,77,21.8,1.0,3.7,13.8,14.67,1,14.28
P00339,2024,T01,St. Louis Comets,Xavier Pruitt,C,26,68,19.4,1.7,1.8,13.8,11.77,1,11.35
P00340,2024,T01,St. Louis Comets,Cole Ellington,PG,33,50,6.9,0.6,2.6,13.8,7.82,1,7.46
P00341,2024,T01,St. Louis Comets,Cam Holloway,SF,36,64,9.1,4.6,1.1,12.2,11.71,1,11.67
P00342,2024,T01,St. Louis Comets,Malik Vance,SG,25,46,19.7,0.9,2.0,11.4,17.67,3,50.62
P00343,2024,T01,St. Louis Comets,Dominic Reyes,PG,31,68,4.4,10.1,3.2,8.5,11.0,3,32.3
P00344,2024,T01,St. Louis Comets,Dre Brennan,PG,36,46,2.9,1.3,3.9,19.5,4.19,2,8.73
P00345,2024,T01,St. Louis Comets,Deshawn Castillo,PG,20,58,1.5,6.3,2.8,17.0,7.01,3,21.3
P00346,2024,T01,St. Louis Comets,Xavier Donovan,C,19,55,7.1,3.1,2.2,12.7,7.41,2,14.38
P00347,2024,T01,St. Louis Comets,Cole Donovan,C,29,39,4.7,3.3,0.4,15.2,7.38,3,22.37
P00348,2024,T01,St. Louis Comets,Cole Sharpe,C,24,54,7.7,12.3,2.6,11.2,10.24,3,31.16
P00349,2024,T01,St. Louis Comets,Cole Reyes,C,33,37,9.8,5.0,2.6,12.7,9.0,2,18.64
P00350,2024,T01,St. Louis Comets,Quinn Wallis,PF,27,74,4.8,3.8,0.8,17.9,6.84,1,6.76
P00351,2024,T02,Austin Rattlers,Dre Brennan,PF,34,69,10.0,6.7,3.6,17.6,11.02,4,44.44
P00352,2024,T02,Austin Rattlers,Jalen Boateng,SG,32,67,5.7,7.3,0.3,16.7,6.23,2,12.79
P00353,2024,T02,Austin Rattlers,Cam Wallis,SG,35,50,5.8,2.0,3.2,10.2,7.47,4,29.12
P00354,2024,T02,Austin Rattlers,Dominic Reyes,PG,24,37,1.1,2.7,2.0,18.2,4.95,3,15.17
P00355,2024,T02,Austin Rattlers,Reggie Townsend,PF,34,58,11.3,2.8,2.2,18.7,8.91,4,33.98
P00356,2024,T02,Austin Rattlers,Reggie Ellington,C,21,77,7.8,9.1,0.6,9.2,7.56,2,14.53
P00357,2024,T02,Austin Rattlers,Mason Pruitt,PF,20,42,3.5,1.6,2.7,17.1,6.91,4,26.74
P00358,2024,T02,Austin Rattlers,Jalen Vance,PF,29,73,11.9,1.3,3.6,14.9,8.2,3,23.5
P00359,2024,T02,Austin Rattlers,Xavier Holloway,SF,35,51,6.2,14.0,5.4,12.6,9.6,1,9.6
P00360,2024,T02,Austin Rattlers,Quinn Lindgren,PG,32,40,4.0,1.9,4.9,17.4,7.5,4,28.8
P00361,2024,T02,Austin Rattlers,Cam Marsh,PF,25,57,4.4,0.5,2.0,7.1,4.56,4,18.25
P00362,2024,T02,Austin Rattlers,Isaiah Marsh,PF,22,39,5.9,1.7,0.4,8.1,4.28,2,8.91
P00363,2024,T02,Austin Rattlers,Tyler Lindgren,SG,34,45,1.0,9.7,0.5,15.0,9.43,1,9.11
P00364,2024,T02,Austin Rattlers,Reggie Sharpe,PF,25,49,15.8,1.8,2.9,15.0,17.25,3,50.93
P00365,2024,T03,Denver Peaks,Trey Reyes,PG,33,36,17.2,2.5,5.6,21.4,14.39,1,14.69
P00366,2024,T03,Denver Peaks,Jordan Marsh,C,35,42,19.0,0.8,1.5,18.2,14.65,4,59.62
P00367,2024,T03,Denver Peaks,Quinn Reyes,SF,34,42,7.8,2.5,1.2,15.0,11.33,1,11.08
P00368,2024,T03,Denver Peaks,Logan Boateng,C,23,44,6.8,1.1,5.5,22.7,6.91,3,20.67
P00369,2024,T03,Denver Peaks,Logan Townsend,PG,29,70,1.5,3.1,1.5,9.6,5.87,3,18.16
P00370,2024,T03,Denver Peaks,Dominic Wallis,C,29,67,17.8,2.2,5.9,14.1,10.96,1,10.93
P00371,2024,T03,Denver Peaks,Logan Reyes,C,36,62,11.0,7.4,2.1,18.0,12.27,3,37.71
P00372,2024,T03,Denver Peaks,Cole Wallis,SG,29,39,26.2,6.7,5.4,16.0,14.44,3,43.6
P00373,2024,T03,Denver Peaks,Brody Townsend,PF,19,80,6.5,0.8,3.6,14.6,8.05,4,30.78
P00374,2024,T03,Denver Peaks,Mason Marsh,C,27,70,18.3,6.3,1.1,7.4,11.87,2,24.46
P00375,2024,T03,Denver Peaks,Malik Lindgren,SF,21,68,5.2,1.3,3.8,21.2,8.6,1,8.49
P00376,2024,T03,Denver Peaks,Deshawn Vance,SF,32,73,2.7,12.1,1.7,12.9,3.29,4,12.96
P00377,2024,T03,Denver Peaks,Trey Lindgren,PG,28,69,12.9,3.1,0.8,17.8,14.66,2,30.18
P00378,2024,T03,Denver Peaks,Desmond Mercer,SG,22,71,12.6,13.9,0.3,20.3,17.07,4,67.47
P00379,2024,T04,Seattle Tide,Jalen Townsend,PG,30,79,4.7,1.9,1.3,14.7,6.5,4,26.4
P00380,2024,T04,Seattle Tide,Dre Okafor,PF,31,57,7.4,8.3,3.3,18.0,12.63,1,12.24
P00381,2024,T04,Seattle Tide,Isaiah Brennan,PG,30,53,6.3,1.5,1.2,12.0,7.61,3,22.74
P00382,2024,T04,Seattle Tide,Mason Okafor,SG,24,71,15.9,4.2,1.8,18.2,12.34,1,12.37
P00383,2024,T04,Seattle Tide,Dominic Holloway,PF,21,52,11.8,2.1,6.7,11.3,13.02,3,38.75
P00384,2024,T04,Seattle Tide,Jalen Sharpe,PG,32,70,3.7,2.5,0.9,17.6,8.22,2,16.72
P00385,2024,T04,Seattle Tide,Quinn Townsend,SF,31,67,3.1,1.2,3.9,21.1,7.21,4,28.95
P00386,2024,T04,Seattle Tide,Dominic Pruitt,PG,20,44,8.7,1.5,3.0,15.7,7.47,1,7.24
P00387,2024,T04,Seattle Tide,Andre Marsh,SF,34,72,5.4,4.3,1.0,12.1,7.81,1,8.15
P00388,2024,T04,Seattle Tide,Desmond Donovan,C,27,44,20.9,2.2,1.3,17.0,17.3,2,34.37
P00389,2024,T04,Seattle Tide,Andre Garrick,SG,27,58,12.0,5.0,11.0,16.7,15.42,3,45.54
P00390,2024,T04,Seattle Tide,Dominic Okafor,PF,36,35,5.6,1.1,2.5,18.9,11.76,1,12.05
P00391,2024,T04,Seattle Tide,Tyler Pruitt,C,23,51,9.9,0.5,0.3,12.4,8.89,2,17.4
P00392,2024,T04,Seattle Tide,Reggie Ellington,PG,28,36,15.8,2.2,0.7,12.0,6.68,2,13.83
P00393,2024,T05,Phoenix Heat Wave,Desmond Sutton,SF,34,81,5.8,6.4,0.7,22.6,3.28,2,6.24
P00394,2024,T05,Phoenix Heat Wave,Jordan Reyes,PF,36,77,6.4,4.6,4.5,15.8,10.79,3,34.0
P00395,2024,T05,Phoenix Heat Wave,Cole Donovan,SG,27,57,8.8,3.7,4.8,11.9,5.49,3,17.23
P00396,2024,T05,Phoenix Heat Wave,Quinn Okafor,PF,33,42,4.0,2.1,1.3,10.2,6.05,2,11.67
P00397,2024,T05,Phoenix Heat Wave,Jordan Whitfield,C,19,49,7.4,4.9,2.5,15.7,12.74,2,24.53
P00398,2024,T05,Phoenix Heat Wave,Isaiah Holloway,C,34,49,4.4,2.2,1.4,13.7,6.62,2,13.68
P00399,2024,T05,Phoenix Heat Wave,Isaiah Garrick,C,24,64,13.2,6.8,3.0,17.9,12.83,2,25.61
P00400,2024,T05,Phoenix Heat Wave,Reggie Reyes,SF,28,64,3.6,5.5,3.5,13.2,5.6,3,16.59
P00401,2024,T05,Phoenix Heat Wave,Cam Pruitt,PF,36,44,11.4,3.4,2.1,21.2,9.46,2,18.59
P00402,2024,T05,Phoenix Heat Wave,Cam Wallis,PG,26,45,4.4,3.5,1.9,11.8,5.93,4,23.16
P00403,2024,T05,Phoenix Heat Wave,Desmond Boateng,C,20,42,2.3,0.6,1.6,15.3,4.39,3,13.74
P00404,2024,T05,Phoenix Heat Wave,Malik Lindgren,C,35,50,27.8,2.3,2.8,17.6,11.92,2,23.65
P00405,2024,T05,Phoenix Heat Wave,Mason Marsh,PF,26,65,6.2,1.4,5.0,18.2,5.15,4,19.98
P00406,2024,T05,Phoenix Heat Wave,Tyler Mercer,SF,26,38,8.8,5.5,8.2,19.6,13.74,4,56.95
P00407,2024,T06,Chicago Steel,Reggie Boateng,PF,35,47,15.0,0.5,4.7,18.8,11.98,3,36.19
P00408,2024,T06,Chicago Steel,Logan Boateng,SF,33,82,4.3,5.5,4.2,14.7,5.45,1,5.47
P00409,2024,T06,Chicago Steel,Jordan Lindgren,SG,32,64,1.8,2.0,8.6,14.5,6.23,3,18.06
P00410,2024,T06,Chicago Steel,Dominic Ellington,SG,19,42,2.1,0.8,4.2,13.5,2.96,4,11.94
P00411,2024,T06,Chicago Steel,Desmond Garrick,SF,28,73,10.7,4.5,3.1,12.0,6.04,2,11.67
P00412,2024,T06,Chicago Steel,Marcus Wallis,PG,31,62,12.8,1.2,0.7,21.5,13.27,1,13.2
P00413,2024,T06,Chicago Steel,Trey Garrick,PF,34,71,2.1,4.9,0.3,19.1,8.86,1,8.85
P00414,2024,T06,Chicago Steel,Brody Brennan,C,27,69,1.2,2.3,9.1,8.0,9.81,3,29.72
P00415,2024,T06,Chicago Steel,Mason Marsh,SG,20,61,3.2,2.1,1.8,17.6,2.86,3,8.7
P00416,2024,T06,Chicago Steel,Logan Townsend,PF,33,47,28.8,2.3,0.3,18.8,11.56,1,11.03
P00417,2024,T06,Chicago Steel,Reggie Brennan,C,36,81,10.8,0.5,3.3,16.9,7.81,2,15.17
P00418,2024,T06,Chicago Steel,Tyler Garrick,SF,33,55,14.0,3.0,3.2,22.1,10.69,2,20.48
P00419,2024,T06,Chicago Steel,Jordan Wallis,PG,36,77,8.1,3.2,3.7,18.4,11.7,1,12.02
P00420,2024,T06,Chicago Steel,Dominic Reyes,PG,21,49,3.8,5.3,1.2,15.9,10.13,3,29.82
P00421,2024,T07,Atlanta Flux,Malik Sharpe,PG,23,54,4.7,10.8,0.3,8.3,4.79,1,4.94
P00422,2024,T07,Atlanta Flux,Mason Ellington,C,31,62,4.6,12.8,1.5,7.1,6.64,2,13.42
P00423,2024,T07,Atlanta Flux,Tyler Garrick,PG,34,73,6.1,1.2,0.7,18.1,11.23,2,21.58
P00424,2024,T07,Atlanta Flux,Desmond Ellington,C,25,53,17.4,1.8,1.9,8.0,13.99,4,53.21
P00425,2024,T07,Atlanta Flux,Andre Mercer,C,29,79,11.0,4.9,1.1,18.0,2.76,3,7.9
P00426,2024,T07,Atlanta Flux,Desmond Patterson,SG,33,36,8.0,0.9,3.7,16.6,10.9,2,21.58
P00427,2024,T07,Atlanta Flux,Logan Okafor,SG,34,55,6.1,1.3,0.9,13.2,3.27,3,10.21
P00428,2024,T07,Atlanta Flux,Dre Reyes,SG,34,44,5.5,5.3,5.2,22.8,4.9,2,10.14
P00429,2024,T07,Atlanta Flux,Deshawn Marsh,PG,33,35,11.0,3.1,2.9,18.6,11.58,3,34.27
P00430,2024,T07,Atlanta Flux,Marcus Donovan,PG,32,70,19.9,0.8,1.5,22.3,12.74,3,37.71
P00431,2024,T07,Atlanta Flux,Malik Wallis,SG,19,58,5.8,3.5,0.3,17.8,3.67,2,7.4
P00432,2024,T07,Atlanta Flux,Desmond Boateng,SF,32,55,13.6,0.7,6.4,11.6,9.7,2,19.74
P00433,2024,T07,Atlanta Flux,Deshawn Ellington,SF,23,80,1.3,14.0,1.3,16.2,8.92,1,9.06
P00434,2024,T07,Atlanta Flux,Cam Brennan,SG,35,74,6.8,0.5,2.3,17.7,3.17,3,9.18
P00435,2024,T08,Boston Anchors,Dominic Boateng,SF,25,43,9.1,9.3,1.8,9.1,12.9,3,37.88
P00436,2024,T08,Boston Anchors,Jalen Wallis,PF,29,50,2.7,5.7,0.3,20.8,6.19,2,12.29
P00437,2024,T08,Boston Anchors,Isaiah Lindgren,PG,36,77,2.5,1.1,3.1,11.4,0.9,1,0.92
P00438,2024,T08,Boston Anchors,Reggie Mercer,SG,36,35,2.0,2.5,1.5,15.9,5.03,4,20.01
P00439,2024,T08,Boston Anchors,Xavier Holloway,SF,27,57,3.4,1.9,2.7,14.9,8.14,3,24.68
P00440,2024,T08,Boston Anchors,Jordan Sharpe,C,32,56,12.5,2.3,4.5,13.5,12.86,2,25.23
P00441,2024,T08,Boston Anchors,Deshawn Vance,PG,31,44,4.8,2.4,1.8,13.4,7.3,1,7.43
P00442,2024,T08,Boston Anchors,Jordan Brennan,SF,25,58,10.3,5.6,2.7,9.7,10.74,4,44.38
P00443,2024,T08,Boston Anchors,Jordan Brennan,SG,19,38,11.1,3.4,4.2,17.3,12.44,2,25.69
P00444,2024,T08,Boston Anchors,Dominic Castillo,PF,19,76,4.2,6.9,3.3,18.5,7.43,1,7.15
P00445,2024,T08,Boston Anchors,Andre Pruitt,PG,25,54,4.9,1.7,3.7,21.1,9.74,1,10.01
P00446,2024,T08,Boston Anchors,Malik Okafor,PF,21,57,6.8,4.9,0.7,23.4,11.81,4,45.03
P00447,2024,T08,Boston Anchors,Cole Whitfield,PG,30,45,8.3,2.6,1.2,16.2,6.56,4,26.57
P00448,2024,T08,Boston Anchors,Jordan Wallis,SF,27,43,8.1,0.9,2.0,22.0,7.62,2,16.0
P00449,2024,T09,Portland Pines,Jordan Ellington,C,26,37,12.8,1.1,4.4,17.2,12.62,3,36.66
P00450,2024,T09,Portland Pines,Deshawn Mercer,PG,25,48,3.3,1.7,1.2,8.7,4.58,4,18.63
P00451,2024,T09,Portland Pines,Trey Donovan,SF,21,67,10.4,5.6,2.3,14.7,13.55,2,28.15
P00452,2024,T09,Portland Pines,Cole Vance,SF,25,64,14.4,3.3,0.4,12.6,10.24,4,41.34
P00453,2024,T09,Portland Pines,Xavier Pruitt,C,26,35,2.9,6.3,4.9,15.4,8.55,1,8.4
P00454,2024,T09,Portland Pines,Malik Ellington,C,20,44,5.6,5.9,1.9,19.1,8.99,3,27.1
P00455,2024,T09,Portland Pines,Tyler Whitfield,SG,29,77,12.5,5.9,1.0,17.3,10.88,1,10.84
P00456,2024,T09,Portland Pines,Isaiah Wallis,PF,19,54,4.7,3.8,4.1,17.6,4.29,1,4.09
P00457,2024,T09,Portland Pines,Quinn Vance,SG,34,65,7.4,3.7,1.7,14.3,8.15,3,25.21
P00458,2024,T09,Portland Pines,Dre Pruitt,PG,20,50,8.6,6.7,0.4,16.1,4.41,4,18.07
P00459,2024,T09,Portland Pines,Marcus Castillo,PG,22,46,1.0,2.4,0.5,17.2,5.38,4,20.49
P00460,2024,T09,Portland Pines,Deshawn Marsh,C,29,41,1.9,5.8,1.8,22.3,3.74,3,11.49
P00461,2024,T09,Portland Pines,Cole Whitfield,SF,31,47,2.4,0.5,3.8,11.9,2.96,1,2.81
P00462,2024,T09,Portland Pines,Jordan Ellington,C,19,38,12.0,3.4,2.6,18.4,8.15,2,15.99
P00463,2024,T10,Miami Current,Trey Brennan,C,36,78,18.9,1.8,0.3,6.4,8.8,2,18.38
P00464,2024,T10,Miami Current,Cam Pruitt,SG,35,68,20.9,1.6,1.5,16.8,8.09,4,30.84
P00465,2024,T10,Miami Current,Andre Holloway,SF,23,56,2.1,6.4,1.3,14.8,6.02,4,23.43
P00466,2024,T10,Miami Current,Deshawn Garrick,C,22,75,15.7,0.9,1.5,13.8,5.84,4,22.21
P00467,2024,T10,Miami Current,Trey Sutton,PF,30,44,9.3,2.8,3.4,18.2,7.21,1,6.88
P00468,2024,T10,Miami Current,Malik Pruitt,SG,35,58,5.7,1.8,0.3,15.0,4.83,4,19.73
P00469,2024,T10,Miami Current,Tyler Whitfield,C,24,43,1.8,0.5,3.3,18.0,1.49,3,4.41
P00470,2024,T10,Miami Current,Andre Wallis,SF,24,45,3.0,5.6,0.4,22.1,6.37,4,24.3
P00471,2024,T10,Miami Current,Mason Townsend,PF,21,35,9.2,1.2,0.6,19.7,3.37,1,3.4
P00472,2024,T10,Miami Current,Malik Mercer,SG,27,75,6.7,1.0,1.2,14.4,9.01,3,25.88
P00473,2024,T10,Miami Current,Andre Sutton,SF,24,50,14.6,4.5,1.2,18.0,10.06,1,10.25
P00474,2024,T10,Miami Current,Mason Brennan,SF,21,77,8.0,0.9,0.3,16.9,10.71,3,31.22
P00475,2024,T10,Miami Current,Dominic Castillo,C,21,42,10.4,6.5,0.7,13.6,8.76,4,35.88
P00476,2024,T10,Miami Current,Xavier Castillo,SF,35,60,7.0,1.5,1.5,13.4,7.6,1,7.7
P00477,2024,T11,Minneapolis Frost,Tyler Lindgren,SG,24,65,14.4,1.0,4.0,8.0,11.98,3,35.41
P00478,2024,T11,Minneapolis Frost,Xavier Ellington,SG,32,37,11.0,2.0,4.0,13.3,9.96,3,29.2
P00479,2024,T11,Minneapolis Frost,Jordan Marsh,PF,30,47,4.4,7.7,3.7,13.4,8.8,4,33.47
P00480,2024,T11,Minneapolis Frost,Jalen Townsend,PG,20,45,6.7,6.1,4.6,20.6,12.75,1,13.32
P00481,2024,T11,Minneapolis Frost,Logan Donovan,SG,22,43,16.1,7.9,1.5,19.4,19.55,4,77.5
P00482,2024,T11,Minneapolis Frost,Jordan Sharpe,SF,30,48,7.9,2.7,2.8,12.0,9.65,2,19.61
P00483,2024,T11,Minneapolis Frost,Dre Ellington,SG,25,43,4.2,1.7,0.6,16.2,6.18,2,12.43
P00484,2024,T11,Minneapolis Frost,Cole Sharpe,C,22,43,4.1,6.4,1.3,15.2,6.98,2,13.69
P00485,2024,T11,Minneapolis Frost,Andre Ellington,SG,22,74,7.5,11.5,3.4,22.3,12.31,2,24.29
P00486,2024,T11,Minneapolis Frost,Mason Patterson,C,19,38,8.2,1.5,0.7,13.4,5.6,1,5.87
P00487,2024,T11,Minneapolis Frost,Trey Holloway,PG,28,65,6.0,6.4,0.3,11.0,4.08,2,7.75
P00488,2024,T11,Minneapolis Frost,Jordan Garrick,C,31,44,8.2,1.6,1.2,13.7,7.56,1,7.86
P00489,2024,T11,Minneapolis Frost,Trey Townsend,PF,34,53,2.6,0.9,1.3,18.0,5.27,2,10.02
P00490,2024,T11,Minneapolis Frost,Jalen Brennan,PF,36,69,3.1,0.5,0.6,18.2,6.76,4,27.85
P00491,2024,T12,Nashville Sound,Xavier Sharpe,PF,19,60,5.5,1.2,4.0,14.8,9.29,1,9.4
P00492,2024,T12,Nashville Sound,Jalen Sharpe,SG,32,45,20.2,4.8,11.0,7.6,6.78,1,6.6
P00493,2024,T12,Nashville Sound,Jalen Wallis,SF,25,40,16.1,3.7,1.8,11.8,13.16,3,41.28
P00494,2024,T12,Nashville Sound,Marcus Garrick,PG,31,73,10.5,0.5,1.9,18.0,10.69,3,31.33
P00495,2024,T12,Nashville Sound,Isaiah Garrick,SF,21,59,11.7,4.2,0.5,17.6,6.16,4,24.78
P00496,2024,T12,Nashville Sound,Brody Whitfield,C,32,79,8.2,0.5,0.7,20.3,9.56,1,9.25
P00497,2024,T12,Nashville Sound,Jordan Wallis,PF,26,41,6.7,1.1,6.4,14.7,7.15,3,20.71
P00498,2024,T12,Nashville Sound,Deshawn Sharpe,C,22,68,14.7,1.4,1.6,18.2,14.82,2,28.67
P00499,2024,T12,Nashville Sound,Tyler Whitfield,SF,36,47,10.7,1.0,2.7,15.0,9.55,2,19.99
P00500,2024,T12,Nashville Sound,Mason Okafor,SF,27,82,3.8,0.7,3.5,15.0,3.27,3,9.74
P00501,2024,T12,Nashville Sound,Xavier Lindgren,SF,19,38,6.3,1.5,0.3,16.5,10.5,3,31.12
P00502,2024,T12,Nashville Sound,Dominic Vance,PF,33,40,5.4,1.3,0.7,13.4,5.02,3,15.32
P00503,2024,T12,Nashville Sound,Andre Boateng,PG,28,78,7.3,7.0,2.1,12.0,9.89,3,30.9
P00504,2024,T12,Nashville Sound,Andre Patterson,PG,34,42,13.6,7.1,2.6,15.5,10.66,3,31.09
P00505,2025,T01,St. Louis Comets,Xavier Wallis,PF,31,74,8.1,3.7,8.3,14.1,2.21,4,9.24
P00506,2025,T01,St. Louis Comets,Isaiah Lindgren,C,25,42,1.6,3.1,1.6,10.6,0.9,1,0.93
P00507,2025,T01,St. Louis Comets,Mason Mercer,SG,24,63,8.8,3.8,1.6,19.5,5.69,4,22.18
P00508,2025,T01,St. Louis Comets,Xavier Patterson,PF,33,39,7.3,0.7,1.7,11.1,9.25,1,9.63
P00509,2025,T01,St. Louis Comets,Tyler Townsend,SF,27,71,1.9,1.2,1.1,15.9,7.25,2,15.02
P00510,2025,T01,St. Louis Comets,Brody Whitfield,PF,24,50,5.0,7.5,0.5,22.1,10.17,3,29.76
P00511,2025,T01,St. Louis Comets,Desmond Sharpe,PG,29,77,4.2,0.5,1.1,11.0,3.77,1,3.68
P00512,2025,T01,St. Louis Comets,Xavier Lindgren,C,27,54,4.8,1.9,2.5,13.1,4.5,2,8.92
P00513,2025,T01,St. Louis Comets,Isaiah Boateng,SF,29,71,5.2,0.7,0.3,17.8,8.73,1,8.65
P00514,2025,T01,St. Louis Comets,Andre Donovan,PG,28,54,1.8,0.8,1.4,18.3,10.54,1,11.07
P00515,2025,T01,St. Louis Comets,Cam Patterson,SF,36,68,8.6,0.7,0.7,16.6,6.91,1,6.77
P00516,2025,T01,St. Louis Comets,Cam Patterson,SF,28,61,20.5,9.6,0.5,11.4,11.11,4,44.03
P00517,2025,T01,St. Louis Comets,Cam Lindgren,SF,30,78,6.8,1.2,0.3,7.1,0.9,4,3.76
P00518,2025,T01,St. Louis Comets,Quinn Castillo,SF,24,63,4.7,1.4,1.7,10.5,1.61,4,6.22
P00519,2025,T02,Austin Rattlers,Mason Brennan,PF,31,47,5.3,2.3,4.0,9.6,8.71,1,8.65
P00520,2025,T02,Austin Rattlers,Brody Holloway,PF,20,62,10.3,1.0,0.4,12.0,7.01,2,13.62
P00521,2025,T02,Austin Rattlers,Cole Reyes,PF,20,82,22.3,11.9,2.2,19.4,11.76,1,12.28
P00522,2025,T02,Austin Rattlers,Trey Lindgren,SF,35,58,2.1,1.1,1.3,8.5,3.06,4,12.14
P00523,2025,T02,Austin Rattlers,Andre Patterson,SG,30,70,6.5,0.7,2.7,12.1,2.59,4,10.61
P00524,2025,T02,Austin Rattlers,Dominic Pruitt,C,19,71,6.1,1.0,2.5,8.4,8.55,4,33.68
P00525,2025,T02,Austin Rattlers,Dominic Sharpe,SG,31,63,4.0,1.8,2.2,12.5,4.47,4,17.57
P00526,2025,T02,Austin Rattlers,Marcus Sharpe,SG,19,63,4.1,0.5,1.6,11.7,5.63,1,5.37
P00527,2025,T02,Austin Rattlers,Deshawn Boateng,SF,32,48,1.8,5.9,1.1,7.3,3.14,4,12.73
P00528,2025,T02,Austin Rattlers,Isaiah Sutton,PG,30,61,10.2,5.1,4.6,17.4,10.75,1,11.13
P00529,2025,T02,Austin Rattlers,Marcus Okafor,SG,23,53,9.0,2.9,1.1,28.7,14.12,1,13.5
P00530,2025,T02,Austin Rattlers,Quinn Donovan,SF,26,80,7.4,9.5,0.3,13.9,6.36,1,6.56
P00531,2025,T02,Austin Rattlers,Isaiah Castillo,PG,19,67,14.9,1.6,0.4,19.5,8.11,1,8.11
P00532,2025,T02,Austin Rattlers,Brody Vance,PG,30,36,7.5,5.3,3.5,20.4,13.11,2,26.03
P00533,2025,T03,Denver Peaks,Brody Vance,SG,26,65,19.9,5.1,2.7,19.0,15.7,3,46.59
P00534,2025,T03,Denver Peaks,Dre Whitfield,SG,24,72,14.8,1.4,2.2,13.4,5.12,3,15.09
P00535,2025,T03,Denver Peaks,Brody Boateng,SF,23,65,7.7,3.7,2.8,12.4,9.85,4,39.85
P00536,2025,T03,Denver Peaks,Andre Donovan,SF,35,55,5.3,2.2,0.3,8.9,6.93,1,6.97
P00537,2025,T03,Denver Peaks,Dre Boateng,PF,31,77,12.9,5.4,5.8,11.3,6.59,1,6.39
P00538,2025,T03,Denver Peaks,Dre Wallis,PF,31,51,14.1,1.6,1.9,18.3,11.79,4,46.23
P00539,2025,T03,Denver Peaks,Dominic Donovan,SF,23,57,26.7,1.7,3.0,20.3,15.81,4,63.14
P00540,2025,T03,Denver Peaks,Dominic Ellington,SG,20,38,11.9,1.1,1.2,16.5,2.52,2,5.15
P00541,2025,T03,Denver Peaks,Deshawn Townsend,C,30,44,1.1,0.5,11.0,7.8,7.93,3,22.71
P00542,2025,T03,Denver Peaks,Quinn Marsh,PG,36,66,10.5,1.5,0.9,12.9,10.25,3,31.76
P00543,2025,T03,Denver Peaks,Isaiah Lindgren,SF,27,68,8.1,0.5,2.8,18.2,5.64,2,11.24
P00544,2025,T03,Denver Peaks,Xavier Patterson,PG,33,79,9.8,3.7,1.6,12.0,7.63,4,31.65
P00545,2025,T03,Denver Peaks,Dominic Okafor,SG,24,62,4.8,0.8,1.3,4.0,2.7,4,10.61
P00546,2025,T03,Denver Peaks,Deshawn Lindgren,SF,26,78,12.5,0.6,2.4,17.3,14.68,2,28.68
P00547,2025,T04,Seattle Tide,Quinn Holloway,SF,36,82,9.8,0.6,7.0,15.3,5.37,2,11.05
P00548,2025,T04,Seattle Tide,Reggie Lindgren,SG,28,54,1.4,2.8,1.7,10.8,8.75,2,18.27
P00549,2025,T04,Seattle Tide,Quinn Marsh,PG,21,63,9.2,0.5,1.1,8.4,9.84,1,9.57
P00550,2025,T04,Seattle Tide,Mason Wallis,C,34,37,21.7,1.1,1.4,18.9,10.17,1,10.66
P00551,2025,T04,Seattle Tide,Andre Okafor,PF,28,62,1.8,2.7,1.8,10.2,0.9,2,1.8
P00552,2025,T04,Seattle Tide,Mason Patterson,PF,23,44,9.6,2.5,0.8,18.5,10.9,1,11.05
P00553,2025,T04,Seattle Tide,Reggie Patterson,PF,19,47,10.7,2.2,1.3,18.5,12.27,3,35.55
P00554,2025,T04,Seattle Tide,Dominic Pruitt,PF,30,82,5.7,3.1,5.0,9.6,5.23,2,10.26
P00555,2025,T04,Seattle Tide,Brody Mercer,PF,33,64,2.6,1.3,1.5,10.7,6.96,4,28.63
P00556,2025,T04,Seattle Tide,Deshawn Brennan,C,32,60,10.7,1.3,3.4,15.1,7.65,4,29.32
P00557,2025,T04,Seattle Tide,Dre Sutton,C,34,82,10.6,5.3,0.3,13.1,13.5,3,41.18
P00558,2025,T04,Seattle Tide,Cole Sutton,SF,34,46,18.9,2.8,0.3,12.6,9.76,4,40.52
P00559,2025,T04,Seattle Tide,Jalen Pruitt,PF,23,72,10.5,10.7,6.0,14.9,12.3,4,49.78
P00560,2025,T04,Seattle Tide,Xavier Patterson,SF,35,50,2.0,1.5,0.4,13.7,7.82,1,7.71
P00561,2025,T05,Phoenix Heat Wave,Malik Reyes,SF,22,63,7.1,6.6,4.0,16.0,11.28,4,46.8
P00562,2025,T05,Phoenix Heat Wave,Jordan Donovan,PF,30,56,8.8,12.1,0.9,11.5,10.89,4,43.32
P00563,2025,T05,Phoenix Heat Wave,Jalen Marsh,SG,33,74,11.5,2.6,1.4,13.5,6.81,3,21.42
P00564,2025,T05,Phoenix Heat Wave,Jalen Holloway,SG,25,41,6.3,4.1,3.5,11.4,4.51,4,18.08
P00565,2025,T05,Phoenix Heat Wave,Mason Castillo,SF,21,62,6.2,2.2,0.9,16.0,3.36,1,3.23
P00566,2025,T05,Phoenix Heat Wave,Deshawn Boateng,SF,20,50,8.7,2.4,5.6,12.3,7.34,4,28.46
P00567,2025,T05,Phoenix Heat Wave,Cam Townsend,C,23,54,3.7,4.6,1.0,5.7,3.84,4,15.81
P00568,2025,T05,Phoenix Heat Wave,Brody Marsh,SF,28,59,16.7,3.6,0.9,8.3,10.65,1,11.09
P00569,2025,T05,Phoenix Heat Wave,Isaiah Wallis,C,26,82,6.3,3.8,0.9,13.8,8.08,3,23.29
P00570,2025,T05,Phoenix Heat Wave,Andre Townsend,PF,34,74,10.5,6.8,0.5,22.5,11.63,3,36.49
P00571,2025,T05,Phoenix Heat Wave,Brody Brennan,SF,36,82,7.7,4.1,0.8,15.5,7.39,1,7.16
P00572,2025,T05,Phoenix Heat Wave,Reggie Wallis,SG,35,76,4.7,1.1,1.0,10.7,5.43,3,16.14
P00573,2025,T05,Phoenix Heat Wave,Mason Pruitt,PG,32,43,4.7,0.7,2.5,6.8,2.29,3,6.83
P00574,2025,T05,Phoenix Heat Wave,Reggie Lindgren,SF,33,35,18.8,8.1,7.9,15.2,20.0,1,20.32
P00575,2025,T06,Chicago Steel,Trey Holloway,SG,22,74,5.1,5.5,1.1,10.7,9.8,3,30.1
P00576,2025,T06,Chicago Steel,Reggie Patterson,SG,34,40,6.1,0.8,6.2,14.0,8.86,2,17.3
P00577,2025,T06,Chicago Steel,Quinn Castillo,SF,31,46,3.4,1.6,2.8,17.6,7.43,2,14.34
P00578,2025,T06,Chicago Steel,Brody Townsend,C,29,61,10.0,3.4,0.7,14.6,6.45,2,12.81
P00579,2025,T06,Chicago Steel,Logan Okafor,C,26,53,2.9,0.8,4.3,20.1,9.33,4,37.33
P00580,2025,T06,Chicago Steel,Reggie Reyes,PF,24,36,15.9,5.1,0.8,11.4,8.63,2,17.03
P00581,2025,T06,Chicago Steel,Jalen Patterson,SG,24,55,1.6,2.1,3.9,14.5,4.62,2,9.5
P00582,2025,T06,Chicago Steel,Mason Sutton,C,31,60,1.2,0.5,0.8,25.1,2.18,3,6.47
P00583,2025,T06,Chicago Steel,Logan Patterson,SF,31,81,3.0,9.2,5.5,15.6,8.77,1,8.77
P00584,2025,T06,Chicago Steel,Deshawn Vance,PF,35,80,11.9,0.6,2.2,14.6,5.54,1,5.67
P00585,2025,T06,Chicago Steel,Jalen Okafor,PG,29,78,6.3,9.4,1.0,17.2,7.26,4,28.49
P00586,2025,T06,Chicago Steel,Cole Sutton,SF,36,50,4.5,0.8,3.8,14.2,5.49,3,16.92
P00587,2025,T06,Chicago Steel,Tyler Okafor,PF,28,35,8.7,1.6,3.8,20.1,6.67,4,27.38
P00588,2025,T06,Chicago Steel,Cam Reyes,PG,25,65,14.0,1.1,1.4,12.5,6.02,1,5.77
P00589,2025,T07,Atlanta Flux,Brody Holloway,PG,27,54,5.7,3.0,3.4,15.5,6.27,2,12.31
P00590,2025,T07,Atlanta Flux,Reggie Patterson,SG,31,38,6.0,5.8,0.3,17.7,8.45,1,8.42
P00591,2025,T07,Atlanta Flux,Dre Castillo,PF,33,66,12.2,4.2,0.3,20.5,8.19,1,8.59
P00592,2025,T07,Atlanta Flux,Dre Vance,C,19,50,3.2,5.7,3.0,19.2,3.51,1,3.62
P00593,2025,T07,Atlanta Flux,Desmond Ellington,PG,36,62,8.7,3.1,1.6,19.5,7.37,1,7.28
P00594,2025,T07,Atlanta Flux,Desmond Sutton,PF,25,75,5.2,2.4,1.6,17.6,5.42,2,10.95
P00595,2025,T07,Atlanta Flux,Isaiah Pruitt,PG,20,64,21.6,3.4,1.1,12.7,12.77,2,26.8
P00596,2025,T07,Atlanta Flux,Xavier Wallis,PF,34,47,14.6,7.3,1.6,14.1,11.39,2,23.71
P00597,2025,T07,Atlanta Flux,Dominic Wallis,PF,35,50,12.7,1.0,9.2,8.3,12.2,4,48.9
P00598,2025,T07,Atlanta Flux,Tyler Wallis,PF,20,81,15.4,5.3,1.5,17.0,10.56,4,40.18
P00599,2025,T07,Atlanta Flux,Dominic Boateng,PF,33,38,11.6,4.6,0.3,12.4,9.27,1,9.55
P00600,2025,T07,Atlanta Flux,Mason Boateng,SG,35,61,13.3,1.8,2.3,13.1,6.08,4,24.25
P00601,2025,T07,Atlanta Flux,Marcus Ellington,PF,25,62,4.2,3.3,2.8,10.3,6.24,3,18.39
P00602,2025,T07,Atlanta Flux,Reggie Mercer,C,24,51,6.8,4.8,0.5,12.9,9.21,4,37.83
P00603,2025,T08,Boston Anchors,Dre Townsend,SF,20,45,12.2,9.0,5.8,17.4,11.75,4,47.71
P00604,2025,T08,Boston Anchors,Logan Reyes,C,19,60,14.6,2.1,3.0,16.3,9.93,3,28.65
P00605,2025,T08,Boston Anchors,Tyler Whitfield,PF,22,50,9.7,5.1,1.1,11.5,10.08,2,19.24
P00606,2025,T08,Boston Anchors,Xavier Marsh,SF,33,79,13.6,7.1,3.6,9.3,16.37,3,49.23
P00607,2025,T08,Boston Anchors,Marcus Whitfield,SF,33,67,17.9,1.1,1.8,14.4,5.09,4,20.1
P00608,2025,T08,Boston Anchors,Desmond Vance,PF,19,44,15.6,0.9,0.6,4.7,5.36,4,20.86
P00609,2025,T08,Boston Anchors,Dominic Donovan,SF,21,68,4.9,1.4,0.6,14.9,2.3,4,8.74
P00610,2025,T08,Boston Anchors,Marcus Holloway,SF,33,47,8.9,1.1,8.0,10.9,8.51,1,8.19
P00611,2025,T08,Boston Anchors,Dominic Vance,SG,31,42,6.5,5.3,1.9,21.0,7.66,2,15.31
P00612,2025,T08,Boston Anchors,Brody Wallis,PF,34,69,10.3,3.5,5.0,18.0,7.16,4,28.36
P00613,2025,T08,Boston Anchors,Marcus Marsh,PG,20,43,1.5,3.1,1.1,21.0,6.45,4,25.14
P00614,2025,T08,Boston Anchors,Brody Whitfield,PF,21,81,26.0,2.4,1.4,18.8,13.48,3,41.32
P00615,2025,T08,Boston Anchors,Cam Patterson,PF,28,82,5.3,1.8,1.9,13.8,5.67,1,5.94
P00616,2025,T08,Boston Anchors,Malik Brennan,PF,19,63,3.1,7.3,3.9,15.1,8.18,3,24.8
P00617,2025,T09,Portland Pines,Jordan Lindgren,PF,23,42,7.0,7.2,0.8,19.6,4.58,4,18.02
P00618,2025,T09,Portland Pines,Mason Sutton,PG,27,54,9.0,2.4,2.8,15.9,7.94,2,15.88
P00619,2025,T09,Portland Pines,Cam Pruitt,PG,22,47,16.4,7.6,1.7,12.7,5.82,2,11.96
P00620,2025,T09,Portland Pines,Cole Donovan,SF,35,76,3.4,4.0,5.3,18.2,13.36,4,53.06
P00621,2025,T09,Portland Pines,Dominic Vance,SF,24,45,16.3,0.7,1.2,18.5,15.42,2,29.44
P00622,2025,T09,Portland Pines,Isaiah Lindgren,PF,36,43,3.2,1.9,0.3,11.8,5.42,1,5.45
P00623,2025,T09,Portland Pines,Logan Vance,PG,24,73,10.5,0.5,0.3,10.2,3.34,2,6.43
P00624,2025,T09,Portland Pines,Desmond Okafor,PG,20,50,14.4,3.0,3.5,12.3,13.45,4,52.8
P00625,2025,T09,Portland Pines,Cole Sutton,SG,26,72,10.7,1.4,0.9,20.3,6.1,4,24.66
P00626,2025,T09,Portland Pines,Jordan Sutton,PG,33,78,2.1,2.8,3.2,17.6,4.51,1,4.42
P00627,2025,T09,Portland Pines,Trey Brennan,PG,36,55,6.1,13.9,1.9,12.8,5.52,3,16.81
P00628,2025,T09,Portland Pines,Cam Garrick,PF,29,52,9.0,2.4,1.4,13.3,5.59,4,22.48
P00629,2025,T09,Portland Pines,Tyler Whitfield,SF,22,44,5.6,4.6,2.7,13.3,13.72,2,28.08
P00630,2025,T09,Portland Pines,Jalen Pruitt,PF,25,50,8.6,5.0,0.6,11.5,6.69,3,20.86
P00631,2025,T10,Miami Current,Reggie Reyes,C,24,75,12.6,0.7,0.3,22.7,13.56,4,53.47
P00632,2025,T10,Miami Current,Jalen Ellington,SG,32,81,10.6,6.1,1.3,17.5,15.12,3,46.59
P00633,2025,T10,Miami Current,Cam Brennan,PG,29,42,13.6,0.5,4.4,12.9,9.79,3,29.39
P00634,2025,T10,Miami Current,Marcus Boateng,SF,35,38,15.2,1.5,7.5,15.4,4.97,1,5.11
P00635,2025,T10,Miami Current,Jordan Holloway,C,27,78,11.7,3.5,2.1,19.5,10.0,1,10.09
P00636,2025,T10,Miami Current,Logan Donovan,SF,36,71,10.3,4.2,0.4,10.3,5.23,3,15.59
P00637,2025,T10,Miami Current,Dominic Ellington,SF,25,70,7.3,2.5,1.3,14.1,11.41,4,44.53
P00638,2025,T10,Miami Current,Quinn Sutton,SG,26,70,8.4,2.5,11.0,9.7,7.88,2,15.85
P00639,2025,T10,Miami Current,Cole Patterson,SG,27,40,9.5,0.9,1.0,9.3,9.01,1,9.38
P00640,2025,T10,Miami Current,Andre Reyes,SF,32,81,15.6,0.7,2.0,17.8,9.88,2,19.35
P00641,2025,T10,Miami Current,Brody Wallis,PF,33,41,12.8,3.2,5.0,21.5,10.31,1,10.5
P00642,2025,T10,Miami Current,Dominic Donovan,SF,27,70,10.8,0.5,2.6,15.7,6.81,4,26.38
P00643,2025,T10,Miami Current,Andre Castillo,SG,32,60,16.4,3.2,7.1,9.9,9.72,2,18.66
P00644,2025,T10,Miami Current,Deshawn Donovan,SF,35,54,12.5,1.2,3.0,15.4,4.16,1,4.14
P00645,2025,T11,Minneapolis Frost,Marcus Marsh,PG,31,52,5.5,2.1,1.1,12.6,4.92,4,19.58
P00646,2025,T11,Minneapolis Frost,Jordan Townsend,C,25,80,26.7,4.4,2.3,14.5,22.74,1,21.82
P00647,2025,T11,Minneapolis Frost,Dominic Castillo,SG,20,62,2.7,4.1,1.8,10.8,6.78,1,6.58
P00648,2025,T11,Minneapolis Frost,Cam Sharpe,SF,35,71,20.8,0.5,2.2,12.5,14.8,4,58.77
P00649,2025,T11,Minneapolis Frost,Reggie Castillo,PF,34,35,2.2,1.6,1.7,11.6,2.97,1,2.93
P00650,2025,T11,Minneapolis Frost,Marcus Wallis,C,23,65,4.5,1.5,3.5,17.6,11.11,3,32.88
P00651,2025,T11,Minneapolis Frost,Reggie Vance,PG,28,56,7.5,0.5,0.4,17.4,3.42,4,14.03
P00652,2025,T11,Minneapolis Frost,Logan Sutton,SF,28,81,3.5,0.5,5.1,17.8,9.95,3,28.81
P00653,2025,T11,Minneapolis Frost,Brody Sharpe,SG,20,38,22.3,3.1,1.9,19.7,7.66,2,15.78
P00654,2025,T11,Minneapolis Frost,Desmond Mercer,C,33,42,4.0,7.0,1.6,16.1,11.67,2,24.46
P00655,2025,T11,Minneapolis Frost,Xavier Donovan,C,29,74,1.2,1.9,11.0,17.2,8.84,2,16.95
P00656,2025,T11,Minneapolis Frost,Xavier Ellington,SG,31,66,3.9,1.6,1.4,16.9,4.52,3,14.01
P00657,2025,T11,Minneapolis Frost,Tyler Sutton,PF,31,52,6.4,1.4,1.2,15.6,10.61,1,10.4
P00658,2025,T11,Minneapolis Frost,Reggie Garrick,SF,25,53,1.6,8.3,2.6,12.0,0.91,1,0.88
P00659,2025,T12,Nashville Sound,Cam Boateng,PF,26,59,32.0,2.6,0.3,18.7,21.73,2,44.78
P00660,2025,T12,Nashville Sound,Tyler Ellington,PF,21,42,5.1,4.3,1.6,14.8,6.55,1,6.66
P00661,2025,T12,Nashville Sound,Cam Garrick,SF,35,36,5.4,3.4,0.8,17.8,8.35,2,16.55
P00662,2025,T12,Nashville Sound,Marcus Okafor,SG,36,47,15.4,2.4,2.2,10.5,8.62,3,24.98
P00663,2025,T12,Nashville Sound,Dre Vance,SF,22,62,6.7,5.8,0.7,21.5,9.84,3,28.18
P00664,2025,T12,Nashville Sound,Cole Sutton,C,26,43,9.8,0.7,2.0,21.6,9.95,3,29.28
P00665,2025,T12,Nashville Sound,Cam Mercer,SG,29,57,13.4,0.8,5.5,17.0,10.53,3,32.83
P00666,2025,T12,Nashville Sound,Dre Sharpe,PG,21,55,3.4,2.7,0.7,14.4,5.36,4,22.02
P00667,2025,T12,Nashville Sound,Reggie Sharpe,C,27,68,29.5,2.7,0.3,18.1,18.4,1,18.96
P00668,2025,T12,Nashville Sound,Reggie Okafor,PG,26,39,3.6,2.2,0.4,17.6,5.43,1,5.65
P00669,2025,T12,Nashville Sound,Mason Reyes,SG,20,48,1.7,3.0,1.3,16.3,0.9,2,1.78
P00670,2025,T12,Nashville Sound,Brody Patterson,SG,26,79,13.8,6.1,3.0,15.2,7.68,3,22.12
P00671,2025,T12,Nashville Sound,Tyler Pruitt,SF,28,67,7.1,7.2,1.6,16.7,7.25,4,29.74
P00672,2025,T12,Nashville Sound,Cole Okafor,C,33,46,19.3,0.6,1.2,19.6,14.0,3,43.87
